{
  "total_papers": 23266,
  "papers_with_abstracts": 8925,
  "abstract_coverage_pct": 38.36069801426975,
  "papers_with_citations": 7035,
  "citation_coverage_pct": 30.237256081836154,
  "enriched_abstracts": 25,
  "enriched_citations": 7035,
  "enriched_keywords": 0,
  "date_range": "1800-2025",
  "timestamp": "2025-10-03T16:11:45.145112"
}