{
  "has_citations": true,
  "total_refs": 421339,
  "papers_with_refs": 7133,
  "avg_refs_per_paper": 51.953020961775586,
  "coupling_edges": 2844515,
  "avg_coupling": 0.011887540107077082,
  "sparsity": 0.913493235431731
}